team_id,name,city,league,coach
74e3dc60-d814-44d8-a477-7f51f56dd252,Wyoming chickens,Port Lurafort,La Liga,Adan Mueller
908cdc3f-1ae4-481a-a99c-ecde60da4359,Utah geese,New Lindsey,Serie A,Dorothy Satterfield DVM
764caa97-41fc-40b1-b167-02e8f2c93999,Wisconsin oxen,South Arvillaview,La Liga,Charmaine Gerhold
e1c8a26d-aad6-4ced-987b-6f6cf382102f,Hawaii goats,Antionebury,Ligue 1,Melodee Mertz
f8e17218-50f5-4d8c-9aae-4130fdabc0f5,Texas fishes,Powlowskichester,Bundesliga,Luise Hamill
a2231ee5-d110-41c5-a5c7-3f55d845de98,Michigan lycanthropes,North Kelly,La Liga,Bo Ondricka III
92349deb-caa9-4de3-a374-c75fbc5ea499,Wisconsin penguins,Anthonymouth,Ligue 1,Pamelia Daniel
243fd0cd-5b18-4a59-83c4-b67554e47558,South Dakota spirits,East Taylor,Ligue 1,Dylan Bernier
0fe158fc-8792-4fb4-9ee3-c9448ebdcc08,Oregon bears,East Raleighville,Ligue 1,Yi Cummerata
a9ee9c11-bb38-4c76-8447-5b3285e6ff38,Illinois monkeys,McGlynnfort,Premier League,Hal Hartmann
07fb1a3d-ae92-4156-bd34-bcf6520867c8,Illinois bears,South Markus,Serie A,Wallace Goyette DDS
b14b095c-4985-4f43-bdb1-19dc09e87a20,Georgia spirits,Lavetteview,Serie A,Venus Spinka
6b56106d-be25-455e-8dd5-14af5bc598ea,Vermont pigs,Denesikstad,Ligue 1,Kelley Gutmann
0567bfc6-235c-421c-9bc6-e87404055088,Maine black cats,South Derickstad,Serie A,Jacob Durgan
9043c778-2d70-40cb-be27-dd95036acd8b,Delaware gnomes,Rooseveltville,Bundesliga,Madelyn O'Reilly
dbd3b4b5-587c-45e8-8ae1-7a4456354f34,California wolves,Malikburgh,La Liga,Sharlene Hintz
a239460c-c1e4-41a7-827a-08817bf78bd9,Oklahoma griffins,Marietteport,La Liga,Lenore Maggio
160cdc94-9a12-40f3-8592-a04ebe3850c3,Michigan dogs,Reneaton,Premier League,Rafael VonRueden
7cda1e9a-6cd1-4643-9eee-11916eca32d2,California birds,Port Danielhaven,Premier League,Ismael Botsford Jr.
c28a7c62-3ab0-44e3-ba73-5b22e79e9913,Connecticut ghosts,East Agustin,La Liga,Minh Klein
